,id,photo
0,id220345366,"https://sun1-96.userapi.com/impf/Swj_U5CB8wboFP3HjRiN6h_kgkkWCq5jL6YNWg/dMbFIxpQuzg.jpg?size=200x0&quality=88&crop=0,321,1104,1104&sign=b6cd9864e8df7a0839d0619619fa0ae3&c_uniq_tag=Pk34jHaca_tttpaFmyQGAzIQPRN3m5uRucSIENOooRk&ava=1"
1,id4858679,"https://sun1-95.userapi.com/impg/gDYuQaczLtGW0nQIw2Cgxo9C-LN3wQrBNxti2Q/YCi2S4Em-9c.jpg?size=200x0&quality=88&crop=923,342,697,697&sign=67899bf8606c69a5839ea4f56a4a5ec0&c_uniq_tag=zBAoCOCnERvFrQrYK7mlb7UN2G72LwKrP38n_-RqGSk&ava=1"
2,id1420471,"https://sun1-99.userapi.com/impf/8t6TWVBMW2yOqP7refYanHkP4t1KbcwydHMvHA/6gojfQHw_jw.jpg?size=200x0&quality=88&crop=81,28,887,887&sign=5963dc1d2cb627ac8c3f4cad7c92a07c&c_uniq_tag=Sdes8i1RJ2Vztpuf6monZzXYrhLk4347TXJCG4TYLuo&ava=1"
3,id3817351,"https://sun1-28.userapi.com/impf/c857428/v857428319/1b6a7/twxzWHvGopw.jpg?size=200x0&quality=88&crop=10,813,1096,1096&sign=eb2e15cb5f05c6f4f309bc2b3129f024&c_uniq_tag=blQlSDEc2UrDthUCEwJSCQhSwG0TxShmS6J_S-77n3k&ava=1"
4,id37430870,"https://sun1-83.userapi.com/impg/oxLKyqFcMAx43glGYdPyv0TP5wzH41CnOZLxqQ/axJZO1BaazA.jpg?size=200x0&quality=88&crop=37,271,912,912&sign=9c6568273d4d19a050c0b515b9e49be5&c_uniq_tag=fbA9ntsBO_WM-OKiNS0HK29EY5bvehz12jTnRrNT-G8&ava=1"
5,id104411870,"https://sun1-97.userapi.com/impf/EGzCVkf3dGH0fZrb5_7bxl9DNj3tD_UFtlDJrw/LjtDLSnPHVI.jpg?size=200x0&quality=88&crop=25,66,352,352&sign=31e98a54ac1f5506ddb54ce62b6d853b&c_uniq_tag=-zGOBrFYSvQ85xKxwDD3daoOi4ITr7DCadxQWZSico0&ava=1"
6,id140035767,"https://sun1-25.userapi.com/impg/m3U6xD2aXJQQWcKahJw_GPJ6y1zbfl7Jghkpfw/_k8B3vL02cg.jpg?size=200x0&quality=88&crop=0,0,1620,1620&sign=5455d99c0dfae73d095b0cac70d957f3&c_uniq_tag=30PI44_ROa5ffe4siVOby0j5KZKYXysRpO5m_Geu03g&ava=1"
7,id13492267,"https://sun1-83.userapi.com/impg/c853516/v853516204/230f7c/7YvXqi_eo1s.jpg?size=200x0&quality=88&crop=0,538,997,997&sign=9ea50c82c0e23b149c0eef9dc4481dc4&c_uniq_tag=awsbURv1TtjCbzVcEdpEdV73Oft60dgnlaYVsHAK1gc&ava=1"
8,id165926109,"https://sun1-29.userapi.com/impf/c831109/v831109370/115278/EAcGpUs7Ao0.jpg?size=200x0&quality=88&crop=99,0,949,949&sign=36ec1130aa40308e577c98cca4fe9e5e&c_uniq_tag=FCTpWdjuXE3zKijd5LHbOmvpp3sfdS2a7q6QlH42JWs&ava=1"
9,id4208679,"https://sun1-24.userapi.com/impf/c841237/v841237760/4fc0b/kWKS_u1JqEU.jpg?size=200x0&quality=88&crop=209,200,593,593&sign=4d4b8a87bb3604ed1d2f43dffd774f5b&c_uniq_tag=eKTRnqN9x1RtLTWV3SRh_CDFA6thkH9Sa1tH2hU0m6I&ava=1"
